{"id":"1","name":"Casino Affiliates","description":"","author":"1","last_modified":"2017-03-18 07:31:18","data":[["Casino","","Bonus","Play"],["<img src=\"https:\/\/demo.vegashero.co\/wp-content\/uploads\/sites\/2\/2017\/01\/omni.png\" alt=\"casino-thumb4\" width=\"104\" height=\"104\" \/>","Omni Slots","$200 SIGN UP","<a href=\"#\" class=\"button\">Play now<\/a>"],["<img src=\"https:\/\/demo.vegashero.co\/wp-content\/uploads\/sites\/2\/2017\/01\/bitstarz.png\" alt=\"casino-thumb3\" width=\"104\" height=\"104\" \/>","Blitz Starz","100 FREE SPINS","<a href=\"#\" class=\"button\">Play now<\/a>"],["<img src=\"https:\/\/demo.vegashero.co\/wp-content\/uploads\/sites\/2\/2017\/01\/royal-panda.png\" alt=\"casino-thumb2\" width=\"104\" height=\"104\" \/>","Royal Panda","50 CREDITS","<a href=\"#\" class=\"button\">Play now<\/a>"],["<img src=\"https:\/\/demo.vegashero.co\/wp-content\/uploads\/sites\/2\/2017\/01\/stanjames.png\" alt=\"casino-thumb5\" width=\"104\" height=\"104\" \/>","Stan James","100 FREE SPINS","<a href=\"#\" class=\"button\">Play now<\/a>"]],"options":{"last_editor":1,"table_head":true,"table_foot":false,"alternating_row_colors":true,"row_hover":true,"print_name":false,"print_name_position":"above","print_description":false,"print_description_position":"below","extra_css_classes":"","use_datatables":true,"datatables_sort":false,"datatables_filter":false,"datatables_paginate":false,"datatables_lengthchange":true,"datatables_paginate_entries":10,"datatables_info":false,"datatables_scrollx":false,"datatables_custom_commands":""},"visibility":{"rows":[1,1,1,1,1],"columns":[1,1,1,1]}}